<?xml version="1.0" encoding="UTF-8"?>
<GenRun Id="synth_1" LaunchPart="xc7a50ticsg324-1L" LaunchTime="1733886966">
  <File Type="PA-TCL" Name="combined.tcl"/>
  <File Type="RDS-PROPCONSTRS" Name="combined_drc_synth.rpt"/>
  <File Type="REPORTS-TCL" Name="combined_reports.tcl"/>
  <File Type="RDS-RDS" Name="combined.vds"/>
  <File Type="RDS-UTIL" Name="combined_utilization_synth.rpt"/>
  <File Type="RDS-UTIL-PB" Name="combined_utilization_synth.pb"/>
  <File Type="RDS-DCP" Name="combined.dcp"/>
  <File Type="VDS-TIMINGSUMMARY" Name="combined_timing_summary_synth.rpt"/>
  <File Type="VDS-TIMING-PB" Name="combined_timing_summary_synth.pb"/>
  <FileSet Name="sources" Type="DesignSrcs" RelSrcDir="$PSRCDIR/sources_1">
    <Filter Type="Srcs"/>
    <File Path="$PSRCDIR/sources_1/new/combined.v">
      <FileInfo>
        <Attr Name="ImportPath" Val="$PPRDIR/../12_9_work_w_reset_pressed/12_7_working_const_no_tb_working-20241210T042557Z-001/Project 446 AS/LAB_2_446/project_14/project_2/project_1/project_1.srcs/sources_1/new/combined.v"/>
        <Attr Name="ImportTime" Val="1731031083"/>
        <Attr Name="UsedIn" Val="synthesis"/>
        <Attr Name="UsedIn" Val="implementation"/>
        <Attr Name="UsedIn" Val="simulation"/>
      </FileInfo>
    </File>
    <Config>
      <Option Name="DesignMode" Val="RTL"/>
      <Option Name="TopModule" Val="combined"/>
      <Option Name="TopAutoSet" Val="TRUE"/>
    </Config>
  </FileSet>
  <FileSet Name="constrs_in" Type="Constrs" RelSrcDir="$PSRCDIR/constrs_1">
    <Filter Type="Constrs"/>
    <File Path="$PSRCDIR/constrs_1/new/nexys_a7-1.xdc">
      <FileInfo>
        <Attr Name="ImportPath" Val="$PPRDIR/../12_9_work_w_reset_pressed/12_7_working_const_no_tb_working-20241210T042557Z-001/Project 446 AS/LAB_2_446/project_14/project_2/project_1/project_1.srcs/constrs_1/new/nexys_a7-1.xdc"/>
        <Attr Name="ImportTime" Val="1731030818"/>
        <Attr Name="UsedIn" Val="synthesis"/>
        <Attr Name="UsedIn" Val="implementation"/>
      </FileInfo>
    </File>
    <Config>
      <Option Name="ConstrsType" Val="XDC"/>
    </Config>
  </FileSet>
  <FileSet Name="utils" Type="Utils" RelSrcDir="$PSRCDIR/utils_1">
    <Filter Type="Utils"/>
    <Config>
      <Option Name="TopAutoSet" Val="TRUE"/>
    </Config>
  </FileSet>
  <Strategy Version="1" Minor="2">
    <StratHandle Name="Vivado Synthesis Defaults" Flow="Vivado Synthesis 2019"/>
    <Step Id="synth_design"/>
  </Strategy>
</GenRun>
